[
  {
    "clinic_id": "clinic1",
    "features": {
      "reports": "2026-03-03T02:36:38",
      "core": "2026-03-03T02:36:38",
      "finance_basic": "2026-03-03T02:36:38"
    },
    "issued_at": "2026-01-31T21:36:38.749731+00:00",
    "expires_at": "2036-01-29T21:36:38.749731+00:00",
    "token_hash": "7fca67b336d21be3df801237cce8395556b10cf263626209a2ca08f43bbad0f3"
  },
  {
    "clinic_id": "clinic1",
    "features": {
      "reports_basic": "9999-12-31T23:59:59",
      "core": "9999-12-31T23:59:59",
      "finance_basic": "9999-12-31T23:59:59",
      "files_results": "9999-12-31T23:59:59",
      "telegram_patient": "9999-12-31T23:59:59"
    },
    "issued_at": "2026-01-31T22:37:48.196151+00:00",
    "expires_at": "2036-01-29T22:37:48.196151+00:00",
    "token_hash": "c1aa1fa5b640bc464d17a2c13ceba2f2fba46dd5436e0ac7d617c784cbd51f39"
  }
]